INSERT INTO USER (providerId, providerProfile, nickname, level, uuid, providerType) values (1, 'fjuwrmy.png', 'Dredi', 1, 'fuangs-13941-dsdddf', 'kakao');
INSERT INTO USER (providerId, providerProfile, nickname, level, uuid, providerType) values (2, 'scospuz.png', 'Hildagard', 2, 'djsklg-23523-dsdddf', 'kakao');
INSERT INTO USER (providerId, providerProfile, nickname, level, uuid, providerType) values (3, 'gcvmqnq.png', 'Aurelia', 1, 'dgdgsd-13941-qwrgs', 'kakao');
INSERT INTO USER (providerId, providerProfile, nickname, level, uuid, providerType) values (4, 'akoquen.png', 'Nancy', 3, 'ndhdvx-426235-dsdddf', 'kakao');

INSERT INTO FISH_BUN_CALENDAR (userId, photo, date) values (1, 'eowgt.png', '2024-07-21 15:13:09');
INSERT INTO FISH_BUN_CALENDAR (userId, photo, date) values (2, 'fhntv.png', '2024-09-22 06:02:23');
INSERT INTO FISH_BUN_CALENDAR (userId, photo, date) values (2, 'zrbpu.png', '2024-01-16 03:35:06');
INSERT INTO FISH_BUN_CALENDAR (userId, photo, date) values (3, 'uiqvm.png', '2024-03-14 23:04:14');
INSERT INTO FISH_BUN_CALENDAR (userId, photo, date) values (4, 'blumy.png', '2024-12-17 04:57:37');
INSERT INTO FISH_BUN_CALENDAR (userId, photo, date) values (4, 'kbszj.png', '2024-02-07 17:01:19');
INSERT INTO FISH_BUN_CALENDAR (userId, photo, date) values (4, 'lyuvj.png', '2024-08-17 07:59:25');
INSERT INTO FISH_BUN_CALENDAR (userId, photo, date) values (4, 'vcrbs.png', '2024-11-19 19:06:17');
INSERT INTO FISH_BUN_CALENDAR (userId, photo, date) values (2, 'lmnky.png', '2024-05-26 12:32:22');
INSERT INTO FISH_BUN_CALENDAR (userId, photo, date) values (1, 'gikia.png', '2024-10-01 21:58:58');

INSERT INTO FISH_BUN_FLAVOR (flavor, image) values ( '피자 붕어빵', 'wuziu.png');
INSERT INTO FISH_BUN_FLAVOR (flavor, image) values ( '두부 붕어빵', 'golms.png');
INSERT INTO FISH_BUN_FLAVOR (flavor, image) values ( '타코야끼 붕어빵', 'htcnq.png');
INSERT INTO FISH_BUN_FLAVOR (flavor, image) values ( '팥 붕어빵', 'vmuhl.png');
INSERT INTO FISH_BUN_FLAVOR (flavor, image) values ( '슈크림 붕어빵', 'nmlnv.png');
INSERT INTO FISH_BUN_FLAVOR (flavor, image) values ( '고구마 붕어빵', 'xaptr.png');
INSERT INTO FISH_BUN_FLAVOR (flavor, image) values ( '애플파이 붕어빵', 'fhwjd.png');
INSERT INTO FISH_BUN_FLAVOR (flavor, image) values ( '귀여운 붕어빵', 'sgkrq.png');

INSERT INTO USER_BOOK (userId, completedFlavor) values (1, '피자 붕어빵');
INSERT INTO USER_BOOK (userId, completedFlavor) values (2, '팥 붕어빵');
INSERT INTO USER_BOOK (userId, completedFlavor) values (3, '피자 붕어빵');
INSERT INTO USER_BOOK (userId, completedFlavor) values (4, '고구마 붕어빵');
INSERT INTO USER_BOOK (userId, completedFlavor) values (5, '피자 붕어빵');
INSERT INTO USER_BOOK (userId, completedFlavor) values (1, '고구마 붕어빵');
INSERT INTO USER_BOOK (userId, completedFlavor) values (2, '뿌링클 붕어빵');
INSERT INTO USER_BOOK (userId, completedFlavor) values (3, '팥 붕어빵');
INSERT INTO USER_BOOK (userId, completedFlavor) values (4, '팥 붕어빵');