insert into USER (provider_id, provider_profile, nickname, level, uuid, provider) values (1, 'fjuwrmy.png', 'Dredi', 1, 'fuangs-13941-dsdddf', 'kakao');
insert into USER (provider_id, provider_profile, nickname, level, uuid, provider) values (2, 'scospuz.png', 'Hildagard', 2, 'djsklg-23523-dsdddf', 'kakao');
insert into USER (provider_id, provider_profile, nickname, level, uuid, provider) values (3, 'gcvmqnq.png', 'Aurelia', 1, 'dgdgsd-13941-qwrgs', 'kakao');
insert into USER (provider_id, provider_profile, nickname, level, uuid, provider) values (4, 'akoquen.png', 'Nancy', 3, 'ndhdvx-426235-dsdddf', 'kakao');

insert into FISH_BUN_CALENDAR (user_id, photo, date) values (1, 'eowgt.png', '2024-07-21 15:13:09');
insert into FISH_BUN_CALENDAR (user_id, photo, date) values (2, 'fhntv.png', '2024-09-22 06:02:23');
insert into FISH_BUN_CALENDAR (user_id, photo, date) values (2, 'zrbpu.png', '2024-01-16 03:35:06');
insert into FISH_BUN_CALENDAR (user_id, photo, date) values (3, 'uiqvm.png', '2024-03-14 23:04:14');
insert into FISH_BUN_CALENDAR (user_id, photo, date) values (4, 'blumy.png', '2024-12-17 04:57:37');
insert into FISH_BUN_CALENDAR (user_id, photo, date) values (4, 'kbszj.png', '2024-02-07 17:01:19');
insert into FISH_BUN_CALENDAR (user_id, photo, date) values (4, 'lyuvj.png', '2024-08-17 07:59:25');
insert into FISH_BUN_CALENDAR (user_id, photo, date) values (4, 'vcrbs.png', '2024-11-19 19:06:17');
insert into FISH_BUN_CALENDAR (user_id, photo, date) values (2, 'lmnky.png', '2024-05-26 12:32:22');
insert into FISH_BUN_CALENDAR (user_id, photo, date) values (1, 'gikia.png', '2024-10-01 21:58:58');

insert into FISH_BUN_FLAVOR (id, flavor, image) values (1, '피자 붕어빵', 'wuziu.png');
insert into FISH_BUN_FLAVOR (id, flavor, image) values (2, '두부 붕어빵', 'golms.png');
insert into FISH_BUN_FLAVOR (id, flavor, image) values (3, '타코야끼 붕어빵', 'htcnq.png');
insert into FISH_BUN_FLAVOR (id, flavor, image) values (4, '팥 붕어빵', 'vmuhl.png');
insert into FISH_BUN_FLAVOR (id, flavor, image) values (5, '슈크림 붕어빵', 'nmlnv.png');
insert into FISH_BUN_FLAVOR (id, flavor, image) values (6, '고구마 붕어빵', 'xaptr.png');
insert into FISH_BUN_FLAVOR (id, flavor, image) values (7, '애플파이 붕어빵', 'fhwjd.png');
insert into FISH_BUN_FLAVOR (id, flavor, image) values (8, '귀여운 붕어빵', 'sgkrq.png');

insert into USER_BOOK (user_id, completed_flavor) values (5, '피자 붕어빵');
insert into USER_BOOK (user_id, completed_flavor) values (5, '팥 붕어빵');
insert into USER_BOOK (user_id, completed_flavor) values (5, '피자 붕어빵');
insert into USER_BOOK (user_id, completed_flavor) values (5, '고구마 붕어빵');
insert into USER_BOOK (user_id, completed_flavor) values (5, '피자 붕어빵');
insert into USER_BOOK (user_id, completed_flavor) values (5, '고구마 붕어빵');
insert into USER_BOOK (user_id, completed_flavor) values (5, '뿌링클 붕어빵');
insert into USER_BOOK (user_id, completed_flavor) values (5, '팥 붕어빵');
insert into USER_BOOK (user_id, completed_flavor) values (5, '팥 붕어빵');


--insert into calendar_flavor (calendar_id, flavor_id) values (1, 1);
--insert into calendar_flavor (calendar_id, flavor_id) values (1, 2);
--insert into calendar_flavor (calendar_id, flavor_id) values (1, 3);
--insert into calendar_flavor (calendar_id, flavor_id) values (2, 4);
--insert into calendar_flavor (calendar_id, flavor_id) values (3, 5);
--insert into calendar_flavor (calendar_id, flavor_id) values (4, 1);
--insert into calendar_flavor (calendar_id, flavor_id) values (4, 2);
--insert into calendar_flavor (calendar_id, flavor_id) values (5, 8);
--insert into calendar_flavor (calendar_id, flavor_id) values (5, 3);
--insert into calendar_flavor (calendar_id, flavor_id) values (5, 1);
--insert into calendar_flavor (calendar_id, flavor_id) values (6, 2);
--insert into calendar_flavor (calendar_id, flavor_id) values (7, 3);
--insert into calendar_flavor (calendar_id, flavor_id) values (7, 4);
--insert into calendar_flavor (calendar_id, flavor_id) values (7, 7);
--insert into calendar_flavor (calendar_id, flavor_id) values (7, 8);
--insert into calendar_flavor (calendar_id, flavor_id) values (8, 8);
--insert into calendar_flavor (calendar_id, flavor_id) values (9, 8);
--insert into calendar_flavor (calendar_id, flavor_id) values (10, 8);
--
